[{
	"_id": {
		"$oid": "60a548b93e6aa47fb3d48093"
	},
	"firstname": "Joseph",
	"lastname": "Wilde",
	"email": "joseph.wilde@gmail.com",
	"password": "819bd0db1cc9e2e74f83b7087adf0e4e"
},
{
	"_id": {
		"$oid": "60a548b93e6aa47fb3d48094"
	},
	"firstname": "Maria",
	"lastname": "Monroe",
	"email": "maria.monroe@piedpiper.com",
	"password": "f20ace5fd2a7cb282aa8d0d1ada7564a"
},
{
	"_id": {
		"$oid": "60a548b93e6aa47fb3d48095"
	},
	"firstname": "Jerry",
	"lastname": "Washington",
	"email": "jerry.washington@gmail.com",
	"password": "411473bc739edd4d4b8c1c1ddd359b57"
},
{
	"_id": {
		"$oid": "60a548b93e6aa47fb3d48096"
	},
	"firstname": "Dee",
	"lastname": "Vargas",
	"email": "dee.vargas@outlook.com",
	"password": "bc7bf3d54bd749b6a4ec6308d0effa0f"
},
{
	"_id": {
		"$oid": "60a548b93e6aa47fb3d48097"
	},
	"firstname": "David",
	"lastname": "Rogers",
	"email": "david.rogers@gmail.com",
	"password": "c8d53aa8b19f696ed42e14ccd7140ac5"
},
{
	"_id": {
		"$oid": "60a548b93e6aa47fb3d48098"
	},
	"firstname": "Zachary",
	"lastname": "Cooper",
	"email": "zachary.cooper@hooli.com",
	"password": "de52b97032b425fc4793d2e5ab8cf392"
},
{
	"_id": {
		"$oid": "60a548b93e6aa47fb3d48099"
	},
	"firstname": "Joseph",
	"lastname": "Sargent",
	"email": "joseph.sargent@outlook.com",
	"password": "ec8c56ec8166615fb3599e96882d171b"
},
{
	"_id": {
		"$oid": "60a548b93e6aa47fb3d4809a"
	},
	"firstname": "Harold",
	"lastname": "Buehlman",
	"email": "harold.buehlman@outlook.com",
	"password": "9d90500d10ff1eca0ccce6fe55aeb1c1"
},
{
	"_id": {
		"$oid": "60a548b93e6aa47fb3d4809b"
	},
	"firstname": "Yvonne",
	"lastname": "Birdsong",
	"email": "yvonne.birdsong@piedpiper.com",
	"password": "c2961ed34f6b25eb6bca69816b8a0b3f"
},
{
	"_id": {
		"$oid": "60a548b93e6aa47fb3d4809c"
	},
	"firstname": "Bill",
	"lastname": "Matsuda",
	"email": "bill.matsuda@piedpiper.com",
	"password": "d5f639f586d97c1735c35f95fb148a93"
},
{
	"_id": {
		"$oid": "60a548b93e6aa47fb3d4809d"
	},
	"firstname": "Caroline",
	"lastname": "Foronda",
	"email": "caroline.foronda@yahoo.com",
	"password": "bf29f942ead68dbc400622219d6f0c9c"
},
{
	"_id": {
		"$oid": "60a548b93e6aa47fb3d4809e"
	},
	"firstname": "Daniel",
	"lastname": "Newstead",
	"email": "daniel.newstead@yahoo.com",
	"password": "23c05a2e0bdda90bdcc38f85f0e13423"
},
{
	"_id": {
		"$oid": "60a548b93e6aa47fb3d4809f"
	},
	"firstname": "James",
	"lastname": "Cherry",
	"email": "james.cherry@gmail.com",
	"password": "17afab07b390b003c0c3a0dfecc89c56"
},
{
	"_id": {
		"$oid": "60a548b93e6aa47fb3d480a0"
	},
	"firstname": "Stephen",
	"lastname": "Cheatom",
	"email": "stephen.cheatom@outlook.com",
	"password": "c373bde1cbc0bc7096c93d0fe02fc22e"
},
{
	"_id": {
		"$oid": "60a548b93e6aa47fb3d480a1"
	},
	"firstname": "Ann",
	"lastname": "Pham",
	"email": "ann.pham@piedpiper.com",
	"password": "c9d0f2203a6f214e4102ec11d3d5b994"
},
{
	"_id": {
		"$oid": "60a548b93e6aa47fb3d480a2"
	},
	"firstname": "John",
	"lastname": "Hafer",
	"email": "john.hafer@piedpiper.com",
	"password": "52617404bc3ae8eaee0f7c9557e4b88a"
},
{
	"_id": {
		"$oid": "60a548b93e6aa47fb3d480a3"
	},
	"firstname": "Wendell",
	"lastname": "Livoti",
	"email": "wendell.livoti@hooli.com",
	"password": "5d728d1d5ea745eb24358f93cfcf70e5"
},
{
	"_id": {
		"$oid": "60a548b93e6aa47fb3d480a4"
	},
	"firstname": "Mark",
	"lastname": "Katz",
	"email": "mark.katz@hooli.com",
	"password": "67bcf375363b5f729080703e2bb9ec97"
},
{
	"_id": {
		"$oid": "60a548b93e6aa47fb3d480a5"
	},
	"firstname": "Michele",
	"lastname": "Poole",
	"email": "michele.poole@piedpiper.com",
	"password": "4f98d0856c9899052f985fe277b064c7"
},
{
	"_id": {
		"$oid": "60a548b93e6aa47fb3d480a6"
	},
	"firstname": "Earl",
	"lastname": "Cheramie",
	"email": "earl.cheramie@piedpiper.com",
	"password": "dcac2b4dc6a77ddb1c6f49f847bacf28"
},
{
	"_id": {
		"$oid": "60a548b93e6aa47fb3d480a7"
	},
	"firstname": "Belinda",
	"lastname": "Patel",
	"email": "belinda.patel@gmail.com",
	"password": "95b8af2b5d687a0ee989ef1b46456a6a"
},
{
	"_id": {
		"$oid": "60a548b93e6aa47fb3d480a8"
	},
	"firstname": "Mark",
	"lastname": "Romero",
	"email": "mark.romero@yahoo.com",
	"password": "980f17bfc88bd60ad343fe07e061ebf1"
},
{
	"_id": {
		"$oid": "60a548b93e6aa47fb3d480a9"
	},
	"firstname": "Nicole",
	"lastname": "Hinesley",
	"email": "nicole.hinesley@gmail.com",
	"password": "727081607e95f0fddb518bb27da69373"
},
{
	"_id": {
		"$oid": "60a548b93e6aa47fb3d480aa"
	},
	"firstname": "Sandra",
	"lastname": "Strissel",
	"email": "sandra.strissel@gmail.com",
	"password": "b897058d36134a7d6741920447283073"
},
{
	"_id": {
		"$oid": "60a548b93e6aa47fb3d480ab"
	},
	"firstname": "Jennifer",
	"lastname": "Gutierrez",
	"email": "jennifer.gutierrez@hooli.com",
	"password": "683f9790715036b7e410650c20fa3665"
},
{
	"_id": {
		"$oid": "60a548b93e6aa47fb3d480ac"
	},
	"firstname": "Gerard",
	"lastname": "Kassab",
	"email": "gerard.kassab@gmail.com",
	"password": "69c08cdfab7204e157e847b2572d7b69"
},
{
	"_id": {
		"$oid": "60a548b93e6aa47fb3d480ad"
	},
	"firstname": "Florence",
	"lastname": "Walter",
	"email": "florence.walter@gmail.com",
	"password": "92e26a744a57d48f8d501a758216f52f"
},
{
	"_id": {
		"$oid": "60a548b93e6aa47fb3d480ae"
	},
	"firstname": "Tabetha",
	"lastname": "Norrix",
	"email": "tabetha.norrix@yahoo.com",
	"password": "75200aec70c0a2af132381076fe62d63"
},
{
	"_id": {
		"$oid": "60a548b93e6aa47fb3d480af"
	},
	"firstname": "Mitchell",
	"lastname": "Robinson",
	"email": "mitchell.robinson@yahoo.com",
	"password": "8585e515b8dc173d57deacf4fb06f77e"
},
{
	"_id": {
		"$oid": "60a548b93e6aa47fb3d480b0"
	},
	"firstname": "Curtis",
	"lastname": "Yantzer",
	"email": "curtis.yantzer@piedpiper.com",
	"password": "0504e4b2260454d1c32cffcb9b8bc12f"
},
{
	"_id": {
		"$oid": "60a548b93e6aa47fb3d480b1"
	},
	"firstname": "Angela",
	"lastname": "Furness",
	"email": "angela.furness@outlook.com",
	"password": "d8b8c6fbef8de3016d9ce3235159a4af"
},
{
	"_id": {
		"$oid": "60a548b93e6aa47fb3d480b2"
	},
	"firstname": "Christopher",
	"lastname": "Bayless",
	"email": "christopher.bayless@piedpiper.com",
	"password": "3978ad5cae7b23e2534cc1e915cfd80b"
},
{
	"_id": {
		"$oid": "60a548b93e6aa47fb3d480b3"
	},
	"firstname": "Larry",
	"lastname": "Santos",
	"email": "larry.santos@hooli.com",
	"password": "161dd1e46fa053c27063dc28138bc7b3"
},
{
	"_id": {
		"$oid": "60a548b93e6aa47fb3d480b4"
	},
	"firstname": "Mary",
	"lastname": "Giard",
	"email": "mary.giard@piedpiper.com",
	"password": "37e316ba521c98ec93e756f55ab5ebd6"
},
{
	"_id": {
		"$oid": "60a548b93e6aa47fb3d480b5"
	},
	"firstname": "Deborah",
	"lastname": "Earls",
	"email": "deborah.earls@piedpiper.com",
	"password": "7c5828e068f837a4e3192a1d70e3d389"
},
{
	"_id": {
		"$oid": "60a548b93e6aa47fb3d480b6"
	},
	"firstname": "Violeta",
	"lastname": "Angus",
	"email": "violeta.angus@gmail.com",
	"password": "8efba8b439a5055d82935a852ced2fdb"
},
{
	"_id": {
		"$oid": "60a548b93e6aa47fb3d480b7"
	},
	"firstname": "Mario",
	"lastname": "Goodridge",
	"email": "mario.goodridge@piedpiper.com",
	"password": "864ba7c5871269d54c1d3fbf0d5f3ac7"
},
{
	"_id": {
		"$oid": "60a548b93e6aa47fb3d480b8"
	},
	"firstname": "Mark",
	"lastname": "Grimes",
	"email": "mark.grimes@gmail.com",
	"password": "da06d0661ff61daa99e75cea96ffb110"
},
{
	"_id": {
		"$oid": "60a548b93e6aa47fb3d480b9"
	},
	"firstname": "Margaret",
	"lastname": "Liss",
	"email": "margaret.liss@gmail.com",
	"password": "64a768affd8290005d4a21815b5053f4"
},
{
	"_id": {
		"$oid": "60a548b93e6aa47fb3d480ba"
	},
	"firstname": "Eric",
	"lastname": "Street",
	"email": "eric.street@outlook.com",
	"password": "0cc464760f6ff8b371f5539773b7bf50"
},
{
	"_id": {
		"$oid": "60a548b93e6aa47fb3d480bb"
	},
	"firstname": "Paul",
	"lastname": "Kelley",
	"email": "paul.kelley@hooli.com",
	"password": "cf5e5d08fe7c6434d92e5f5c1206888c"
},
{
	"_id": {
		"$oid": "60a548b93e6aa47fb3d480bc"
	},
	"firstname": "Kelly",
	"lastname": "Hawkins",
	"email": "kelly.hawkins@hooli.com",
	"password": "360f0b27da1b66343c3442ec83692de8"
},
{
	"_id": {
		"$oid": "60a548b93e6aa47fb3d480bd"
	},
	"firstname": "Alvin",
	"lastname": "Reynolds",
	"email": "alvin.reynolds@hooli.com",
	"password": "c6f96e178a89952d429906abcbac3c80"
},
{
	"_id": {
		"$oid": "60a548b93e6aa47fb3d480be"
	},
	"firstname": "Mary",
	"lastname": "Folta",
	"email": "mary.folta@piedpiper.com",
	"password": "56e0d4d561bd67f3a3b239e50595de0d"
},
{
	"_id": {
		"$oid": "60a548b93e6aa47fb3d480bf"
	},
	"firstname": "Deborah",
	"lastname": "Palmer",
	"email": "deborah.palmer@gmail.com",
	"password": "b57509befb92164780724d097cd820ff"
},
{
	"_id": {
		"$oid": "60a548b93e6aa47fb3d480c0"
	},
	"firstname": "Kirk",
	"lastname": "Price",
	"email": "kirk.price@outlook.com",
	"password": "c78b4cd91818caec9024259ec20d78bd"
},
{
	"_id": {
		"$oid": "60a548b93e6aa47fb3d480c1"
	},
	"firstname": "Florence",
	"lastname": "Garcia",
	"email": "florence.garcia@yahoo.com",
	"password": "e2ee025859b2c2d1aa06a7dad355b49a"
},
{
	"_id": {
		"$oid": "60a548b93e6aa47fb3d480c2"
	},
	"firstname": "Carol",
	"lastname": "Hicks",
	"email": "carol.hicks@gmail.com",
	"password": "6a017944fa38d0401786497e15b8318f"
},
{
	"_id": {
		"$oid": "60a548b93e6aa47fb3d480c3"
	},
	"firstname": "Socorro",
	"lastname": "Jones",
	"email": "socorro.jones@outlook.com",
	"password": "292344f76b47d7cc748ad4391f681fc7"
},
{
	"_id": {
		"$oid": "60a548b93e6aa47fb3d480c4"
	},
	"firstname": "Renato",
	"lastname": "Twitt",
	"email": "renato.twitt@yahoo.com",
	"password": "968d1b3bc6f0b09ce209eab5703ba20b"
},
{
	"_id": {
		"$oid": "60a548b93e6aa47fb3d480c5"
	},
	"firstname": "Phillip",
	"lastname": "Witzke",
	"email": "phillip.witzke@hooli.com",
	"password": "aebc02213c61aaff2343af796a5d54de"
},
{
	"_id": {
		"$oid": "60a548b93e6aa47fb3d480c6"
	},
	"firstname": "Edward",
	"lastname": "Feldkamp",
	"email": "edward.feldkamp@outlook.com",
	"password": "bb9e4c58fa0c2b27a36824bcd80cd000"
},
{
	"_id": {
		"$oid": "60a548b93e6aa47fb3d480c7"
	},
	"firstname": "Barbara",
	"lastname": "Cambridge",
	"email": "barbara.cambridge@yahoo.com",
	"password": "36a7c9d8fb3b0992e0a61f0b1d336abc"
},
{
	"_id": {
		"$oid": "60a548b93e6aa47fb3d480c8"
	},
	"firstname": "Lauri",
	"lastname": "Bell",
	"email": "lauri.bell@gmail.com",
	"password": "e96ef6e07ca55248ddacf06b6770033f"
},
{
	"_id": {
		"$oid": "60a548b93e6aa47fb3d480c9"
	},
	"firstname": "Dixie",
	"lastname": "Walker",
	"email": "dixie.walker@gmail.com",
	"password": "fe74d87ab28b4e9df07d1d9806325fdb"
},
{
	"_id": {
		"$oid": "60a548b93e6aa47fb3d480ca"
	},
	"firstname": "James",
	"lastname": "Condon",
	"email": "james.condon@hooli.com",
	"password": "374a5721cd0efd0b6bde485612cc99c3"
},
{
	"_id": {
		"$oid": "60a548b93e6aa47fb3d480cb"
	},
	"firstname": "Donald",
	"lastname": "Wright",
	"email": "donald.wright@yahoo.com",
	"password": "a8f582b2f452a9d97cf4aa091763d234"
},
{
	"_id": {
		"$oid": "60a548b93e6aa47fb3d480cc"
	},
	"firstname": "Lisa",
	"lastname": "Salomone",
	"email": "lisa.salomone@hooli.com",
	"password": "76196e08b50d28a017890eff48a7bf27"
},
{
	"_id": {
		"$oid": "60a548b93e6aa47fb3d480cd"
	},
	"firstname": "Kimberly",
	"lastname": "Hornung",
	"email": "kimberly.hornung@hooli.com",
	"password": "f33d4b570a20536df1f0c553384ab6a2"
},
{
	"_id": {
		"$oid": "60a548b93e6aa47fb3d480ce"
	},
	"firstname": "Grace",
	"lastname": "Gonzales",
	"email": "grace.gonzales@gmail.com",
	"password": "39d2ba494f0be37340c39503322a790c"
},
{
	"_id": {
		"$oid": "60a548b93e6aa47fb3d480cf"
	},
	"firstname": "Richard",
	"lastname": "Fuller",
	"email": "richard.fuller@hooli.com",
	"password": "feb52c4cdca257dd058336630bc29bfc"
},
{
	"_id": {
		"$oid": "60a548b93e6aa47fb3d480d0"
	},
	"firstname": "Irene",
	"lastname": "Mcdaniel",
	"email": "irene.mcdaniel@hooli.com",
	"password": "e066ed89408609debcc5055daa771a36"
},
{
	"_id": {
		"$oid": "60a548b93e6aa47fb3d480d1"
	},
	"firstname": "Janice",
	"lastname": "Wise",
	"email": "janice.wise@hooli.com",
	"password": "a08159322cea2dd0830d2234d235c16c"
},
{
	"_id": {
		"$oid": "60a548b93e6aa47fb3d480d2"
	},
	"firstname": "Everett",
	"lastname": "Williams",
	"email": "everett.williams@gmail.com",
	"password": "19dd573ea33a97d9702113e777680f44"
},
{
	"_id": {
		"$oid": "60a548b93e6aa47fb3d480d3"
	},
	"firstname": "Sandra",
	"lastname": "Hamlin",
	"email": "sandra.hamlin@outlook.com",
	"password": "3f6fb34f40f85737fd854418c36b44ce"
},
{
	"_id": {
		"$oid": "60a548b93e6aa47fb3d480d4"
	},
	"firstname": "Luther",
	"lastname": "Thies",
	"email": "luther.thies@hooli.com",
	"password": "adab0a8a519fa01759648698973f07f2"
},
{
	"_id": {
		"$oid": "60a548b93e6aa47fb3d480d5"
	},
	"firstname": "Eve",
	"lastname": "Gabriel",
	"email": "eve.gabriel@gmail.com",
	"password": "20064ee84f2e040f5a3039101f895f43"
},
{
	"_id": {
		"$oid": "60a548b93e6aa47fb3d480d6"
	},
	"firstname": "Jean",
	"lastname": "Kane",
	"email": "jean.kane@hooli.com",
	"password": "6ce6b4538da5577656a4169f8dfbb5d8"
},
{
	"_id": {
		"$oid": "60a548b93e6aa47fb3d480d7"
	},
	"firstname": "Shirley",
	"lastname": "Patterson",
	"email": "shirley.patterson@hooli.com",
	"password": "b7efe9cd4d99a6a5ab5baf81ab81f187"
},
{
	"_id": {
		"$oid": "60a548b93e6aa47fb3d480d8"
	},
	"firstname": "Addie",
	"lastname": "Graham",
	"email": "addie.graham@outlook.com",
	"password": "cd15445f7ab974a03f69a0c5f33cefd5"
},
{
	"_id": {
		"$oid": "60a548b93e6aa47fb3d480d9"
	},
	"firstname": "Donald",
	"lastname": "Luken",
	"email": "donald.luken@piedpiper.com",
	"password": "13a4afdd857c06c63dbf42ff618a578b"
},
{
	"_id": {
		"$oid": "60a548b93e6aa47fb3d480da"
	},
	"firstname": "Ronald",
	"lastname": "Watts",
	"email": "ronald.watts@hooli.com",
	"password": "1db99d72dfd4c7e8ccbb7f5db375dd1d"
},
{
	"_id": {
		"$oid": "60a548b93e6aa47fb3d480db"
	},
	"firstname": "Mary",
	"lastname": "Dilly",
	"email": "mary.dilly@hooli.com",
	"password": "0663dbae825fb7021fb41dc14647ebbd"
},
{
	"_id": {
		"$oid": "60a548b93e6aa47fb3d480dc"
	},
	"firstname": "Cynthia",
	"lastname": "Tsai",
	"email": "cynthia.tsai@hooli.com",
	"password": "dfabc100333b0201ad2c96bf5abfd757"
},
{
	"_id": {
		"$oid": "60a548b93e6aa47fb3d480dd"
	},
	"firstname": "Linda",
	"lastname": "Kean",
	"email": "linda.kean@piedpiper.com",
	"password": "5e8432a125b3ee068fd8d174c457635a"
},
{
	"_id": {
		"$oid": "60a548b93e6aa47fb3d480de"
	},
	"firstname": "Edna",
	"lastname": "Ortiz",
	"email": "edna.ortiz@piedpiper.com",
	"password": "c6b61ad7bb94a54dd06cf1c351815731"
},
{
	"_id": {
		"$oid": "60a548b93e6aa47fb3d480df"
	},
	"firstname": "Lloyd",
	"lastname": "Mccaskin",
	"email": "lloyd.mccaskin@hooli.com",
	"password": "ab44bf8e1b07a45e7399fda7d58311f3"
},
{
	"_id": {
		"$oid": "60a548b93e6aa47fb3d480e0"
	},
	"firstname": "Angela",
	"lastname": "Cox",
	"email": "angela.cox@piedpiper.com",
	"password": "3a2ac6d346a81cd39c595406fe21944c"
},
{
	"_id": {
		"$oid": "60a548b93e6aa47fb3d480e1"
	},
	"firstname": "Audrey",
	"lastname": "Mcelroy",
	"email": "audrey.mcelroy@hooli.com",
	"password": "4731d37aa55e202c583788a4f9fd7f77"
},
{
	"_id": {
		"$oid": "60a548b93e6aa47fb3d480e2"
	},
	"firstname": "Jose",
	"lastname": "Bynoe",
	"email": "jose.bynoe@yahoo.com",
	"password": "bae92d22d539fc3983461013d708db4b"
},
{
	"_id": {
		"$oid": "60a548b93e6aa47fb3d480e3"
	},
	"firstname": "Jame",
	"lastname": "Serrano",
	"email": "jame.serrano@outlook.com",
	"password": "ec804f3e80e14641e34b640996335d2e"
},
{
	"_id": {
		"$oid": "60a548b93e6aa47fb3d480e4"
	},
	"firstname": "Edward",
	"lastname": "Jackson",
	"email": "edward.jackson@outlook.com",
	"password": "203289bd35fd4dd3258c623e3389a7ce"
},
{
	"_id": {
		"$oid": "60a548b93e6aa47fb3d480e5"
	},
	"firstname": "Meghan",
	"lastname": "Lopinto",
	"email": "meghan.lopinto@gmail.com",
	"password": "110323718e4e405521daf6e1ec7922db"
},
{
	"_id": {
		"$oid": "60a548b93e6aa47fb3d480e6"
	},
	"firstname": "Araceli",
	"lastname": "Hill",
	"email": "araceli.hill@hooli.com",
	"password": "1a1baacd31c13ac1d2223ca16a74eb70"
},
{
	"_id": {
		"$oid": "60a548b93e6aa47fb3d480e7"
	},
	"firstname": "Phillip",
	"lastname": "Gordon",
	"email": "phillip.gordon@piedpiper.com",
	"password": "e84098493c8bd7bc1871b0c723eb5a85"
},
{
	"_id": {
		"$oid": "60a548b93e6aa47fb3d480e8"
	},
	"firstname": "Edward",
	"lastname": "Bank",
	"email": "edward.bank@piedpiper.com",
	"password": "9a0aa13a23013eb0c68b20d4a62cf56e"
},
{
	"_id": {
		"$oid": "60a548b93e6aa47fb3d480e9"
	},
	"firstname": "Mike",
	"lastname": "Herring",
	"email": "mike.herring@outlook.com",
	"password": "80367db35f8b4c6642a616cc17468466"
},
{
	"_id": {
		"$oid": "60a548b93e6aa47fb3d480ea"
	},
	"firstname": "George",
	"lastname": "Russell",
	"email": "george.russell@piedpiper.com",
	"password": "2dab94735ce73fb0c93d1589d13fa565"
},
{
	"_id": {
		"$oid": "60a548b93e6aa47fb3d480eb"
	},
	"firstname": "Laura",
	"lastname": "Carstens",
	"email": "laura.carstens@hooli.com",
	"password": "9bd120cd4be48d667922edd48fa982c8"
},
{
	"_id": {
		"$oid": "60a548b93e6aa47fb3d480ec"
	},
	"firstname": "James",
	"lastname": "Mccormack",
	"email": "james.mccormack@gmail.com",
	"password": "6e0b66e93000e121739c0ef4d91ae259"
},
{
	"_id": {
		"$oid": "60a548b93e6aa47fb3d480ed"
	},
	"firstname": "Dorothy",
	"lastname": "Pickens",
	"email": "dorothy.pickens@gmail.com",
	"password": "2d1eef462cf1e6b6fa1700369c026b50"
},
{
	"_id": {
		"$oid": "60a548b93e6aa47fb3d480ee"
	},
	"firstname": "Andrew",
	"lastname": "Taylor",
	"email": "andrew.taylor@yahoo.com",
	"password": "5d102b398c0805b6f54e8c5b3ba0a5b3"
},
{
	"_id": {
		"$oid": "60a548b93e6aa47fb3d480ef"
	},
	"firstname": "Chasity",
	"lastname": "Woodard",
	"email": "chasity.woodard@yahoo.com",
	"password": "25df48d6ef906ffa279a47bcd229c86c"
},
{
	"_id": {
		"$oid": "60a548b93e6aa47fb3d480f0"
	},
	"firstname": "Howard",
	"lastname": "Manzano",
	"email": "howard.manzano@gmail.com",
	"password": "e3056de73af7b69ae50515c0d4af232f"
},
{
	"_id": {
		"$oid": "60a548b93e6aa47fb3d480f1"
	},
	"firstname": "Dean",
	"lastname": "Gibson",
	"email": "dean.gibson@outlook.com",
	"password": "3178c77b170b68745ccea4e4af7ab7bb"
},
{
	"_id": {
		"$oid": "60a548b93e6aa47fb3d480f2"
	},
	"firstname": "Caroline",
	"lastname": "Gill",
	"email": "caroline.gill@hooli.com",
	"password": "74eb2be88364e9bc26de4752ca6dedb1"
},
{
	"_id": {
		"$oid": "60a548b93e6aa47fb3d480f3"
	},
	"firstname": "Phebe",
	"lastname": "Dubin",
	"email": "phebe.dubin@piedpiper.com",
	"password": "5ff85fccca1bf3c9acc0503ea2f2ef44"
},
{
	"_id": {
		"$oid": "60a548b93e6aa47fb3d480f4"
	},
	"firstname": "Carolyn",
	"lastname": "Roberts",
	"email": "carolyn.roberts@yahoo.com",
	"password": "88f69d33bfdbff00edcf139dccf97510"
},
{
	"_id": {
		"$oid": "60a548b93e6aa47fb3d480f5"
	},
	"firstname": "Kyla",
	"lastname": "Cochran",
	"email": "kyla.cochran@hooli.com",
	"password": "473830024dbac305dcef6b3e1474bf91"
},
{
	"_id": {
		"$oid": "60a548b93e6aa47fb3d480f6"
	},
	"firstname": "Kristin",
	"lastname": "Holmes",
	"email": "kristin.holmes@hooli.com",
	"password": "528c92a5e471cb993bae40a1bf5f2c27"
},
{
	"_id": {
		"$oid": "60a548b93e6aa47fb3d480f7"
	},
	"firstname": "Robert",
	"lastname": "Mischke",
	"email": "robert.mischke@outlook.com",
	"password": "d53e6be4d667d4005c2075d2c6a8342c"
},
{
	"_id": {
		"$oid": "60a548b93e6aa47fb3d480f8"
	},
	"firstname": "Roxy",
	"lastname": "Tull",
	"email": "roxy.tull@outlook.com",
	"password": "48af4a6f2181c8862bcf69ffc2e73ed6"
},
{
	"_id": {
		"$oid": "60a548b93e6aa47fb3d480f9"
	},
	"firstname": "Lillian",
	"lastname": "Stuble",
	"email": "lillian.stuble@hooli.com",
	"password": "05d554d5db3f758a7a9265b0ac06cd04"
},
{
	"_id": {
		"$oid": "60a548b93e6aa47fb3d480fa"
	},
	"firstname": "Alex",
	"lastname": "Demby",
	"email": "alex.demby@piedpiper.com",
	"password": "3f0cc7e324c7f7bc64711ed3fbd9d0c1"
},
{
	"_id": {
		"$oid": "60a548b93e6aa47fb3d480fb"
	},
	"firstname": "Loma",
	"lastname": "Leto",
	"email": "loma.leto@hooli.com",
	"password": "2a7d425df3bc1d6da04b495847c603f3"
},
{
	"_id": {
		"$oid": "60a548b93e6aa47fb3d480fc"
	},
	"firstname": "Tasha",
	"lastname": "Langley",
	"email": "tasha.langley@hooli.com",
	"password": "3afa6302a71e68004417bdce0717ab32"
},
{
	"_id": {
		"$oid": "60a548b93e6aa47fb3d480fd"
	},
	"firstname": "Chere",
	"lastname": "Garrett",
	"email": "chere.garrett@piedpiper.com",
	"password": "810b5a34d9ed2a374c5d53bbf0b05692"
},
{
	"_id": {
		"$oid": "60a548b93e6aa47fb3d480fe"
	},
	"firstname": "Denise",
	"lastname": "Blount",
	"email": "denise.blount@outlook.com",
	"password": "3421199e1185dc9f70ba5e4bdae13b6e"
},
{
	"_id": {
		"$oid": "60a548b93e6aa47fb3d480ff"
	},
	"firstname": "Annie",
	"lastname": "Martinez",
	"email": "annie.martinez@hooli.com",
	"password": "1753077d57ace0bebc52c97a80f5b220"
},
{
	"_id": {
		"$oid": "60a548b93e6aa47fb3d48100"
	},
	"firstname": "George",
	"lastname": "Mazzone",
	"email": "george.mazzone@gmail.com",
	"password": "33eb4d05a3e1dd794db3da53f9bfef86"
},
{
	"_id": {
		"$oid": "60a548b93e6aa47fb3d48101"
	},
	"firstname": "Paul",
	"lastname": "Krogman",
	"email": "paul.krogman@gmail.com",
	"password": "ef2b673f3853769f7058ebcc389ceb70"
},
{
	"_id": {
		"$oid": "60a548b93e6aa47fb3d48102"
	},
	"firstname": "Linda",
	"lastname": "Kim",
	"email": "linda.kim@outlook.com",
	"password": "cde24542e01f2ba84f78785f4067cdc8"
},
{
	"_id": {
		"$oid": "60a548b93e6aa47fb3d48103"
	},
	"firstname": "Brenda",
	"lastname": "Ferguson",
	"email": "brenda.ferguson@hooli.com",
	"password": "f6d7cf01af0387cb024682df9950aa61"
},
{
	"_id": {
		"$oid": "60a548b93e6aa47fb3d48104"
	},
	"firstname": "Sarah",
	"lastname": "Bell",
	"email": "sarah.bell@outlook.com",
	"password": "435f551b4bbd4b0b4a77461c8565195b"
},
{
	"_id": {
		"$oid": "60a548b93e6aa47fb3d48105"
	},
	"firstname": "Eleanor",
	"lastname": "Mcnamara",
	"email": "eleanor.mcnamara@yahoo.com",
	"password": "0253974465c27d3c693fa2e8391021bc"
},
{
	"_id": {
		"$oid": "60a548b93e6aa47fb3d48106"
	},
	"firstname": "Roland",
	"lastname": "Sims",
	"email": "roland.sims@outlook.com",
	"password": "8e39554cd01afdd305bd1bdd0dfc575e"
},
{
	"_id": {
		"$oid": "60a548b93e6aa47fb3d48107"
	},
	"firstname": "Cristina",
	"lastname": "Kelly",
	"email": "cristina.kelly@hooli.com",
	"password": "ce812d24fe0c32daefdff593977f30de"
},
{
	"_id": {
		"$oid": "60a548b93e6aa47fb3d48108"
	},
	"firstname": "Marion",
	"lastname": "King",
	"email": "marion.king@outlook.com",
	"password": "1377b692723e6c02ae40163b94c04e6c"
},
{
	"_id": {
		"$oid": "60a548b93e6aa47fb3d48109"
	},
	"firstname": "James",
	"lastname": "Thomas",
	"email": "james.thomas@yahoo.com",
	"password": "506c9a2b50168b771dbb9db834bbf3a8"
},
{
	"_id": {
		"$oid": "60a548b93e6aa47fb3d4810a"
	},
	"firstname": "Patrica",
	"lastname": "Godinez",
	"email": "patrica.godinez@piedpiper.com",
	"password": "8ef9fe4eb615a4bf23da959073b1bae1"
},
{
	"_id": {
		"$oid": "60a548b93e6aa47fb3d4810b"
	},
	"firstname": "Scott",
	"lastname": "Burns",
	"email": "scott.burns@yahoo.com",
	"password": "0e20c8761611b689456f903209234974"
},
{
	"_id": {
		"$oid": "60a548b93e6aa47fb3d4810c"
	},
	"firstname": "Bruce",
	"lastname": "Triffo",
	"email": "bruce.triffo@outlook.com",
	"password": "701c0def2a1edbf5c84f1d9f4098564d"
},
{
	"_id": {
		"$oid": "60a548b93e6aa47fb3d4810d"
	},
	"firstname": "Don",
	"lastname": "Gainey",
	"email": "don.gainey@hooli.com",
	"password": "a34231664197b57c0151cfddc9e4865e"
},
{
	"_id": {
		"$oid": "60a548b93e6aa47fb3d4810e"
	},
	"firstname": "Helen",
	"lastname": "Phan",
	"email": "helen.phan@piedpiper.com",
	"password": "141ed1182b39145e5ff3f93f34bf7fe7"
},
{
	"_id": {
		"$oid": "60a548b93e6aa47fb3d4810f"
	},
	"firstname": "Curtis",
	"lastname": "Betts",
	"email": "curtis.betts@piedpiper.com",
	"password": "a140e963a5678ed5b71c1a2ee31332a7"
},
{
	"_id": {
		"$oid": "60a548b93e6aa47fb3d48110"
	},
	"firstname": "Kevin",
	"lastname": "Reddy",
	"email": "kevin.reddy@gmail.com",
	"password": "fd34dc628bea1df3689064da40f0491f"
},
{
	"_id": {
		"$oid": "60a548b93e6aa47fb3d48111"
	},
	"firstname": "Patricia",
	"lastname": "Crawford",
	"email": "patricia.crawford@piedpiper.com",
	"password": "2608efbd98efb4ac34e97c8a3c526e75"
},
{
	"_id": {
		"$oid": "60a548b93e6aa47fb3d48112"
	},
	"firstname": "Jean",
	"lastname": "Smith",
	"email": "jean.smith@hooli.com",
	"password": "037d89ea8c3d9719b1f81be0eca74263"
},
{
	"_id": {
		"$oid": "60a548b93e6aa47fb3d48113"
	},
	"firstname": "Clyde",
	"lastname": "Green",
	"email": "clyde.green@hooli.com",
	"password": "91a28920a0b5b64e2f9cd338bff711ef"
},
{
	"_id": {
		"$oid": "60a548b93e6aa47fb3d48114"
	},
	"firstname": "Kenneth",
	"lastname": "Roth",
	"email": "kenneth.roth@yahoo.com",
	"password": "cc8b59c592c5eadb9a439384d0d5cb75"
},
{
	"_id": {
		"$oid": "60a548b93e6aa47fb3d48115"
	},
	"firstname": "Paul",
	"lastname": "Wagner",
	"email": "paul.wagner@gmail.com",
	"password": "9a958fb962c0d240c8a7facc57fe2fb7"
},
{
	"_id": {
		"$oid": "60a548b93e6aa47fb3d48116"
	},
	"firstname": "Edwin",
	"lastname": "Childs",
	"email": "edwin.childs@outlook.com",
	"password": "c6d0d776eac9328eb07bee6cad48a8ee"
},
{
	"_id": {
		"$oid": "60a548b93e6aa47fb3d48117"
	},
	"firstname": "Carolyn",
	"lastname": "Williams",
	"email": "carolyn.williams@hooli.com",
	"password": "ebfdb6156e62216e55928d0cbdb74fbc"
},
{
	"_id": {
		"$oid": "60a548b93e6aa47fb3d48118"
	},
	"firstname": "Mary",
	"lastname": "Harding",
	"email": "mary.harding@hooli.com",
	"password": "2b93221e469c37565ef925b3d80a48d7"
},
{
	"_id": {
		"$oid": "60a548b93e6aa47fb3d48119"
	},
	"firstname": "Robert",
	"lastname": "Ross",
	"email": "robert.ross@hooli.com",
	"password": "bb5b2e89e40c539b15c9002215e01874"
},
{
	"_id": {
		"$oid": "60a548b93e6aa47fb3d4811a"
	},
	"firstname": "Mary",
	"lastname": "Chatfield",
	"email": "mary.chatfield@piedpiper.com",
	"password": "767a3468cb444f2ed7cb27dc2831c98e"
},
{
	"_id": {
		"$oid": "60a548b93e6aa47fb3d4811b"
	},
	"firstname": "Ann",
	"lastname": "Rosario",
	"email": "ann.rosario@hooli.com",
	"password": "4609b9667f4ee59ea7349de1fb400a67"
},
{
	"_id": {
		"$oid": "60a548b93e6aa47fb3d4811c"
	},
	"firstname": "Freddy",
	"lastname": "Degraff",
	"email": "freddy.degraff@hooli.com",
	"password": "301f922039c6bbdcd0675491fcd8db5a"
},
{
	"_id": {
		"$oid": "60a548b93e6aa47fb3d4811d"
	},
	"firstname": "Stephen",
	"lastname": "Scholl",
	"email": "stephen.scholl@outlook.com",
	"password": "a51d647976366deae6204051b496a308"
},
{
	"_id": {
		"$oid": "60a548b93e6aa47fb3d4811e"
	},
	"firstname": "Patrick",
	"lastname": "Sanford",
	"email": "patrick.sanford@yahoo.com",
	"password": "8340c0bd4e57cc2791a13615fb2b9761"
},
{
	"_id": {
		"$oid": "60a548b93e6aa47fb3d4811f"
	},
	"firstname": "Christian",
	"lastname": "Ishman",
	"email": "christian.ishman@yahoo.com",
	"password": "9476d5eca34811c2404c615171c1dd3f"
},
{
	"_id": {
		"$oid": "60a548b93e6aa47fb3d48120"
	},
	"firstname": "Michele",
	"lastname": "Humes",
	"email": "michele.humes@yahoo.com",
	"password": "f1e505143e0099615766e7c39fc6669d"
},
{
	"_id": {
		"$oid": "60a548b93e6aa47fb3d48121"
	},
	"firstname": "Leslie",
	"lastname": "Lovick",
	"email": "leslie.lovick@outlook.com",
	"password": "971ee65bf9b9a1390affc8b620c44a33"
},
{
	"_id": {
		"$oid": "60a548b93e6aa47fb3d48122"
	},
	"firstname": "Donna",
	"lastname": "Castle",
	"email": "donna.castle@gmail.com",
	"password": "b5f8f7c09ca9e2875ac86e9929a0b14b"
},
{
	"_id": {
		"$oid": "60a548b93e6aa47fb3d48123"
	},
	"firstname": "Patricia",
	"lastname": "Thomas",
	"email": "patricia.thomas@hooli.com",
	"password": "b15dd59e57038c93c0cc78197d87c9c2"
},
{
	"_id": {
		"$oid": "60a548b93e6aa47fb3d48124"
	},
	"firstname": "James",
	"lastname": "Garica",
	"email": "james.garica@outlook.com",
	"password": "030512826b2d5a6256afec94c6718aa9"
},
{
	"_id": {
		"$oid": "60a548b93e6aa47fb3d48125"
	},
	"firstname": "Vicky",
	"lastname": "Mortensen",
	"email": "vicky.mortensen@gmail.com",
	"password": "15a03d0b1aedd03f6106368bd8eca8f7"
},
{
	"_id": {
		"$oid": "60a548b93e6aa47fb3d48126"
	},
	"firstname": "Michael",
	"lastname": "Zee",
	"email": "michael.zee@piedpiper.com",
	"password": "27ca7f207fc89061318f4f3524929e61"
},
{
	"_id": {
		"$oid": "60a548b93e6aa47fb3d48127"
	},
	"firstname": "Nancy",
	"lastname": "Mciver",
	"email": "nancy.mciver@outlook.com",
	"password": "c359acde5ec8136834db5189a11c4801"
},
{
	"_id": {
		"$oid": "60a548b93e6aa47fb3d48128"
	},
	"firstname": "Rodolfo",
	"lastname": "Shaw",
	"email": "rodolfo.shaw@gmail.com",
	"password": "a7dcb199cf686f0dc5d10f259357fb6d"
},
{
	"_id": {
		"$oid": "60a548b93e6aa47fb3d48129"
	},
	"firstname": "Joe",
	"lastname": "Marshall",
	"email": "joe.marshall@outlook.com",
	"password": "596fd13a8c7293f9818c2959ec498f8b"
},
{
	"_id": {
		"$oid": "60a548b93e6aa47fb3d4812a"
	},
	"firstname": "James",
	"lastname": "Holmes",
	"email": "james.holmes@piedpiper.com",
	"password": "d4ea75eddb9c21c6f5eca02e8b903cf9"
},
{
	"_id": {
		"$oid": "60a548b93e6aa47fb3d4812b"
	},
	"firstname": "Ralph",
	"lastname": "Alford",
	"email": "ralph.alford@hooli.com",
	"password": "14fb2996c9e0be807f79ad294c246da1"
},
{
	"_id": {
		"$oid": "60a548b93e6aa47fb3d4812c"
	},
	"firstname": "Carlos",
	"lastname": "Oster",
	"email": "carlos.oster@gmail.com",
	"password": "72529395ecc52094c719fab4e3aaddd6"
},
{
	"_id": {
		"$oid": "60a548b93e6aa47fb3d4812d"
	},
	"firstname": "Dominique",
	"lastname": "Webb",
	"email": "dominique.webb@yahoo.com",
	"password": "4d42d79b6e0906e07d1547b217d4f0f9"
},
{
	"_id": {
		"$oid": "60a548b93e6aa47fb3d4812e"
	},
	"firstname": "Gary",
	"lastname": "Eatman",
	"email": "gary.eatman@gmail.com",
	"password": "bc29a394abb063bef757c5aa2a5cf4b3"
},
{
	"_id": {
		"$oid": "60a548b93e6aa47fb3d4812f"
	},
	"firstname": "Helen",
	"lastname": "Phillips",
	"email": "helen.phillips@hooli.com",
	"password": "43b5f6126d83022fc91e80c7f01eb229"
},
{
	"_id": {
		"$oid": "60a548b93e6aa47fb3d48130"
	},
	"firstname": "Franklin",
	"lastname": "Askew",
	"email": "franklin.askew@gmail.com",
	"password": "78c20c9fce9cff738192bbf0d71c38e7"
},
{
	"_id": {
		"$oid": "60a548b93e6aa47fb3d48131"
	},
	"firstname": "Albert",
	"lastname": "Velo",
	"email": "albert.velo@piedpiper.com",
	"password": "c575002e16ef67318e9f07b12df4c7a2"
},
{
	"_id": {
		"$oid": "60a548b93e6aa47fb3d48132"
	},
	"firstname": "Kristin",
	"lastname": "Shirley",
	"email": "kristin.shirley@gmail.com",
	"password": "9c917123dafb4075b2430d319211f7ec"
},
{
	"_id": {
		"$oid": "60a548b93e6aa47fb3d48133"
	},
	"firstname": "John",
	"lastname": "Pua",
	"email": "john.pua@hooli.com",
	"password": "cbb4ab18d0903222897d8362ebc61861"
},
{
	"_id": {
		"$oid": "60a548b93e6aa47fb3d48134"
	},
	"firstname": "Jeffrey",
	"lastname": "Salazar",
	"email": "jeffrey.salazar@piedpiper.com",
	"password": "c921e6967b64c729470b2b4a981629e2"
},
{
	"_id": {
		"$oid": "60a548b93e6aa47fb3d48135"
	},
	"firstname": "Christina",
	"lastname": "Helder",
	"email": "christina.helder@outlook.com",
	"password": "a163d43c224c4a948f77a66c1664416b"
},
{
	"_id": {
		"$oid": "60a548b93e6aa47fb3d48136"
	},
	"firstname": "Emily",
	"lastname": "Scott",
	"email": "emily.scott@gmail.com",
	"password": "dec457e5d08cf5c3da2bddb4b5919ad1"
},
{
	"_id": {
		"$oid": "60a548b93e6aa47fb3d48137"
	},
	"firstname": "Ryan",
	"lastname": "Colon",
	"email": "ryan.colon@outlook.com",
	"password": "11dd4de3ce8f28621e27ae5b72d34abd"
},
{
	"_id": {
		"$oid": "60a548b93e6aa47fb3d48138"
	},
	"firstname": "Aaron",
	"lastname": "Greer",
	"email": "aaron.greer@hooli.com",
	"password": "8acae7a374676a0e811102e3657e46b1"
},
{
	"_id": {
		"$oid": "60a548b93e6aa47fb3d48139"
	},
	"firstname": "Vaughn",
	"lastname": "Dempsey",
	"email": "vaughn.dempsey@yahoo.com",
	"password": "3c049eb3142dae36d42dc635a8797d6d"
},
{
	"_id": {
		"$oid": "60a548b93e6aa47fb3d4813a"
	},
	"firstname": "Raymond",
	"lastname": "Casavez",
	"email": "raymond.casavez@hooli.com",
	"password": "8314cfa1625d5f1af9de7f95f732eb36"
},
{
	"_id": {
		"$oid": "60a548b93e6aa47fb3d4813b"
	},
	"firstname": "Eric",
	"lastname": "Smith",
	"email": "eric.smith@piedpiper.com",
	"password": "348000704ad061880ed31ed287e5e072"
},
{
	"_id": {
		"$oid": "60a548b93e6aa47fb3d4813c"
	},
	"firstname": "Cheryl",
	"lastname": "Baker",
	"email": "cheryl.baker@outlook.com",
	"password": "bf9730a397693db56cd0a226645ab2b3"
},
{
	"_id": {
		"$oid": "60a548b93e6aa47fb3d4813d"
	},
	"firstname": "David",
	"lastname": "Torres",
	"email": "david.torres@outlook.com",
	"password": "3a5798fc5dda6ec3fd51b87e968bcb34"
},
{
	"_id": {
		"$oid": "60a548b93e6aa47fb3d4813e"
	},
	"firstname": "Delia",
	"lastname": "Bennett",
	"email": "delia.bennett@hooli.com",
	"password": "82ae43b0d66e27b6507dfeefce0bdee7"
},
{
	"_id": {
		"$oid": "60a548b93e6aa47fb3d4813f"
	},
	"firstname": "Frances",
	"lastname": "Croft",
	"email": "frances.croft@gmail.com",
	"password": "1adcc23bbb1c94a33a7b3e4a402f258b"
},
{
	"_id": {
		"$oid": "60a548b93e6aa47fb3d48140"
	},
	"firstname": "Lisa",
	"lastname": "Mullen",
	"email": "lisa.mullen@gmail.com",
	"password": "7087acc4ae48b75d3adc9d320debe13b"
},
{
	"_id": {
		"$oid": "60a548b93e6aa47fb3d48141"
	},
	"firstname": "James",
	"lastname": "Carmichael",
	"email": "james.carmichael@gmail.com",
	"password": "d385c834c88fde3466a35ecceb644533"
},
{
	"_id": {
		"$oid": "60a548b93e6aa47fb3d48142"
	},
	"firstname": "Jerome",
	"lastname": "Walt",
	"email": "jerome.walt@outlook.com",
	"password": "430ad8ec9229baf0a147919b607cde4a"
},
{
	"_id": {
		"$oid": "60a548b93e6aa47fb3d48143"
	},
	"firstname": "Doris",
	"lastname": "Davis",
	"email": "doris.davis@gmail.com",
	"password": "64a75ecd8cd8ebf3c76736e9aa85748d"
},
{
	"_id": {
		"$oid": "60a548b93e6aa47fb3d48144"
	},
	"firstname": "Pamela",
	"lastname": "Echevarria",
	"email": "pamela.echevarria@piedpiper.com",
	"password": "d07c6cbaf3e8d479c90f27afec42aaff"
},
{
	"_id": {
		"$oid": "60a548b93e6aa47fb3d48145"
	},
	"firstname": "Valentin",
	"lastname": "Dunn",
	"email": "valentin.dunn@yahoo.com",
	"password": "31a5faf8051c802c2035b38f4a7cdc51"
},
{
	"_id": {
		"$oid": "60a548b93e6aa47fb3d48146"
	},
	"firstname": "Dale",
	"lastname": "Newton",
	"email": "dale.newton@piedpiper.com",
	"password": "6d226a8063c4bbcac0b7ad98164927a4"
},
{
	"_id": {
		"$oid": "60a548b93e6aa47fb3d48147"
	},
	"firstname": "David",
	"lastname": "Underwood",
	"email": "david.underwood@outlook.com",
	"password": "648f69561c6c8c090ac25061e548a44c"
},
{
	"_id": {
		"$oid": "60a548b93e6aa47fb3d48148"
	},
	"firstname": "William",
	"lastname": "Willis",
	"email": "william.willis@piedpiper.com",
	"password": "0ab0533a6f7c7a2244075cfc3b3c41ee"
},
{
	"_id": {
		"$oid": "60a548b93e6aa47fb3d48149"
	},
	"firstname": "Betty",
	"lastname": "Ortiz",
	"email": "betty.ortiz@hooli.com",
	"password": "deac18b1a7c8b78627e264bb4acd135f"
},
{
	"_id": {
		"$oid": "60a548b93e6aa47fb3d4814a"
	},
	"firstname": "William",
	"lastname": "Elsner",
	"email": "william.elsner@outlook.com",
	"password": "6bee627302ae01a51f9b9f1bd67d97cc"
},
{
	"_id": {
		"$oid": "60a548b93e6aa47fb3d4814b"
	},
	"firstname": "Bertha",
	"lastname": "Rowell",
	"email": "bertha.rowell@outlook.com",
	"password": "5aa39004c967d4965de373aec0468815"
},
{
	"_id": {
		"$oid": "60a548b93e6aa47fb3d4814c"
	},
	"firstname": "Margaret",
	"lastname": "Stowell",
	"email": "margaret.stowell@gmail.com",
	"password": "3608d9d87fd6d2c00beeb2385761e2b6"
},
{
	"_id": {
		"$oid": "60a548b93e6aa47fb3d4814d"
	},
	"firstname": "Marlin",
	"lastname": "Noel",
	"email": "marlin.noel@gmail.com",
	"password": "62ef109083f04443cf65b921abffc349"
},
{
	"_id": {
		"$oid": "60a548b93e6aa47fb3d4814e"
	},
	"firstname": "William",
	"lastname": "Jedele",
	"email": "william.jedele@yahoo.com",
	"password": "57849fa14d78beaf7956c5ec18d86588"
},
{
	"_id": {
		"$oid": "60a548b93e6aa47fb3d4814f"
	},
	"firstname": "Lola",
	"lastname": "Godwin",
	"email": "lola.godwin@yahoo.com",
	"password": "42f2548e9adfdab9247dec3a1f5b14e9"
},
{
	"_id": {
		"$oid": "60a548b93e6aa47fb3d48150"
	},
	"firstname": "Virginia",
	"lastname": "Merrill",
	"email": "virginia.merrill@hooli.com",
	"password": "5fce1fdedad7744073ddf0b75611aad9"
},
{
	"_id": {
		"$oid": "60a548b93e6aa47fb3d48151"
	},
	"firstname": "Dolores",
	"lastname": "Baca",
	"email": "dolores.baca@yahoo.com",
	"password": "2278b7ee93ef2ffc144d453cb0ba48e8"
},
{
	"_id": {
		"$oid": "60a548b93e6aa47fb3d48152"
	},
	"firstname": "Linda",
	"lastname": "Thomas",
	"email": "linda.thomas@gmail.com",
	"password": "ba5104257394f752dfaf8b278395c3f6"
},
{
	"_id": {
		"$oid": "60a548b93e6aa47fb3d48153"
	},
	"firstname": "Jamel",
	"lastname": "Winter",
	"email": "jamel.winter@gmail.com",
	"password": "68555d019594b59f074f4407d331b1d3"
},
{
	"_id": {
		"$oid": "60a548b93e6aa47fb3d48154"
	},
	"firstname": "Dallas",
	"lastname": "Suzuki",
	"email": "dallas.suzuki@piedpiper.com",
	"password": "fc97bd2a7ecb15799dc7450c78977830"
},
{
	"_id": {
		"$oid": "60a548b93e6aa47fb3d48155"
	},
	"firstname": "Paul",
	"lastname": "Ellis",
	"email": "paul.ellis@piedpiper.com",
	"password": "64aae08d2d61dafa7272e2a96f3d7fc4"
},
{
	"_id": {
		"$oid": "60a548b93e6aa47fb3d48156"
	},
	"firstname": "Johnnie",
	"lastname": "Stanton",
	"email": "johnnie.stanton@hooli.com",
	"password": "ea62a05587b48db6b524fd78f1ba5414"
},
{
	"_id": {
		"$oid": "60a548b93e6aa47fb3d48157"
	},
	"firstname": "Ryan",
	"lastname": "Parker",
	"email": "ryan.parker@hooli.com",
	"password": "4ced0d8e7d494d15db54154f4490e294"
},
{
	"_id": {
		"$oid": "60a548b93e6aa47fb3d48158"
	},
	"firstname": "Ernestina",
	"lastname": "Freeman",
	"email": "ernestina.freeman@hooli.com",
	"password": "55ccd31e5ba38d9514cdd545e43e435a"
},
{
	"_id": {
		"$oid": "60a548b93e6aa47fb3d48159"
	},
	"firstname": "Laurie",
	"lastname": "Bickford",
	"email": "laurie.bickford@yahoo.com",
	"password": "3c2960ad6fc2951709c180cad940dd3c"
},
{
	"_id": {
		"$oid": "60a548b93e6aa47fb3d4815a"
	},
	"firstname": "Thomas",
	"lastname": "Nicholls",
	"email": "thomas.nicholls@outlook.com",
	"password": "36158ca32c685cb8b774ccbbde95146e"
},
{
	"_id": {
		"$oid": "60a548b93e6aa47fb3d4815b"
	},
	"firstname": "Shawn",
	"lastname": "Wilson",
	"email": "shawn.wilson@hooli.com",
	"password": "7c06a4df177b4293ac494226f0636b46"
},
{
	"_id": {
		"$oid": "60a548b93e6aa47fb3d4815c"
	},
	"firstname": "Larry",
	"lastname": "Maurey",
	"email": "larry.maurey@outlook.com",
	"password": "926c8453a4f1ea63cb947a105bd868c4"
},
{
	"_id": {
		"$oid": "60a548b93e6aa47fb3d4815d"
	},
	"firstname": "Vera",
	"lastname": "Barrow",
	"email": "vera.barrow@gmail.com",
	"password": "31b59978bace60094f4b4950656aca23"
},
{
	"_id": {
		"$oid": "60a548b93e6aa47fb3d4815e"
	},
	"firstname": "Tiffany",
	"lastname": "Shenk",
	"email": "tiffany.shenk@yahoo.com",
	"password": "fd117e76bf15b353a3786ca289ceee9c"
},
{
	"_id": {
		"$oid": "60a548b93e6aa47fb3d4815f"
	},
	"firstname": "Edward",
	"lastname": "Price",
	"email": "edward.price@hooli.com",
	"password": "06109826caf9311c890e815f40a03665"
},
{
	"_id": {
		"$oid": "60a548b93e6aa47fb3d48160"
	},
	"firstname": "Mary",
	"lastname": "Hayden",
	"email": "mary.hayden@piedpiper.com",
	"password": "ba0958c1fb1a49829ed1a0199525550a"
},
{
	"_id": {
		"$oid": "60a548b93e6aa47fb3d48161"
	},
	"firstname": "Rebecca",
	"lastname": "Johnson",
	"email": "rebecca.johnson@yahoo.com",
	"password": "39ded820cdd9be80ad1caec17280cb4e"
},
{
	"_id": {
		"$oid": "60a548b93e6aa47fb3d48162"
	},
	"firstname": "Nikki",
	"lastname": "Salas",
	"email": "nikki.salas@piedpiper.com",
	"password": "764aec61e658b9e4abfc9d62780fd96d"
},
{
	"_id": {
		"$oid": "60a548b93e6aa47fb3d48163"
	},
	"firstname": "John",
	"lastname": "Childress",
	"email": "john.childress@piedpiper.com",
	"password": "c718e1ac7bb8d2b802cea20247f3e6e6"
},
{
	"_id": {
		"$oid": "60a548b93e6aa47fb3d48164"
	},
	"firstname": "Valerie",
	"lastname": "Xayasith",
	"email": "valerie.xayasith@hooli.com",
	"password": "0d63e9707e9ec48936f000d361768d9c"
},
{
	"_id": {
		"$oid": "60a548b93e6aa47fb3d48165"
	},
	"firstname": "Gabriel",
	"lastname": "Regan",
	"email": "gabriel.regan@yahoo.com",
	"password": "a37df78ee674ebf2b6b1024378b84c0a"
},
{
	"_id": {
		"$oid": "60a548b93e6aa47fb3d48166"
	},
	"firstname": "Bernard",
	"lastname": "Jones",
	"email": "bernard.jones@hooli.com",
	"password": "4a8b445ac5f1a579bcb3cca7329eb61e"
},
{
	"_id": {
		"$oid": "60a548b93e6aa47fb3d48167"
	},
	"firstname": "Lois",
	"lastname": "Dean",
	"email": "lois.dean@yahoo.com",
	"password": "5c733a49566fd4394cd4e37a8f438cd9"
},
{
	"_id": {
		"$oid": "60a548b93e6aa47fb3d48168"
	},
	"firstname": "Anthony",
	"lastname": "Garcia",
	"email": "anthony.garcia@outlook.com",
	"password": "d5141ac21c2c68fd3a0475aab8146330"
},
{
	"_id": {
		"$oid": "60a548b93e6aa47fb3d48169"
	},
	"firstname": "Sue",
	"lastname": "Bockelman",
	"email": "sue.bockelman@gmail.com",
	"password": "5b9d8ceb7dad64a07b3c7f489a7639fd"
},
{
	"_id": {
		"$oid": "60a548b93e6aa47fb3d4816a"
	},
	"firstname": "Arron",
	"lastname": "Preston",
	"email": "arron.preston@gmail.com",
	"password": "ac1c4e143ab74801f14ed41c1fe59908"
},
{
	"_id": {
		"$oid": "60a548b93e6aa47fb3d4816b"
	},
	"firstname": "Richard",
	"lastname": "Salinas",
	"email": "richard.salinas@gmail.com",
	"password": "5cc2ee43f9f71de436b66a5dceffd03b"
},
{
	"_id": {
		"$oid": "60a548b93e6aa47fb3d4816c"
	},
	"firstname": "Debra",
	"lastname": "Robinson",
	"email": "debra.robinson@outlook.com",
	"password": "e9e5f201112aef872f097665226500fc"
},
{
	"_id": {
		"$oid": "60a548b93e6aa47fb3d4816d"
	},
	"firstname": "Tammie",
	"lastname": "Boucher",
	"email": "tammie.boucher@yahoo.com",
	"password": "8836583607d923ef0d1ef232eab33786"
},
{
	"_id": {
		"$oid": "60a548b93e6aa47fb3d4816e"
	},
	"firstname": "Jose",
	"lastname": "Kinney",
	"email": "jose.kinney@yahoo.com",
	"password": "d0aecb1bea2e79f1c30cc3c876f369c0"
},
{
	"_id": {
		"$oid": "60a548b93e6aa47fb3d4816f"
	},
	"firstname": "Elnora",
	"lastname": "Shackford",
	"email": "elnora.shackford@outlook.com",
	"password": "0a57e8017a891b5faaee523bdc3ac838"
},
{
	"_id": {
		"$oid": "60a548b93e6aa47fb3d48170"
	},
	"firstname": "Daniel",
	"lastname": "Pierre",
	"email": "daniel.pierre@piedpiper.com",
	"password": "9d825f1cadb2699c69ea63ca5b9234fd"
},
{
	"_id": {
		"$oid": "60a548b93e6aa47fb3d48171"
	},
	"firstname": "Elizabeth",
	"lastname": "Bostick",
	"email": "elizabeth.bostick@piedpiper.com",
	"password": "3e0de68bd63ab1a1a157a3c9447d4f47"
},
{
	"_id": {
		"$oid": "60a548b93e6aa47fb3d48172"
	},
	"firstname": "Maria",
	"lastname": "Stay",
	"email": "maria.stay@outlook.com",
	"password": "93ed4ba611516ba27b6e6b24212ccd33"
},
{
	"_id": {
		"$oid": "60a548b93e6aa47fb3d48173"
	},
	"firstname": "Kathleen",
	"lastname": "Koehl",
	"email": "kathleen.koehl@hooli.com",
	"password": "15fbe6712b05c9b342d17f5ad2b607e9"
},
{
	"_id": {
		"$oid": "60a548b93e6aa47fb3d48174"
	},
	"firstname": "Crystal",
	"lastname": "Rawlings",
	"email": "crystal.rawlings@hooli.com",
	"password": "49385c99adc3630348acee0ec916355f"
},
{
	"_id": {
		"$oid": "60a548b93e6aa47fb3d48175"
	},
	"firstname": "Erik",
	"lastname": "Robinson",
	"email": "erik.robinson@outlook.com",
	"password": "7b49a55c8b8c79ca59dcec7e602eadc5"
},
{
	"_id": {
		"$oid": "60a548b93e6aa47fb3d48176"
	},
	"firstname": "Anna",
	"lastname": "Battle",
	"email": "anna.battle@hooli.com",
	"password": "42cf9d2011f54e84477672735be1687d"
},
{
	"_id": {
		"$oid": "60a548b93e6aa47fb3d48177"
	},
	"firstname": "Kathy",
	"lastname": "Morrissey",
	"email": "kathy.morrissey@hooli.com",
	"password": "c7943fe5d9f8a652cbf205c66e9985f9"
},
{
	"_id": {
		"$oid": "60a548b93e6aa47fb3d48178"
	},
	"firstname": "Camille",
	"lastname": "Hulsey",
	"email": "camille.hulsey@hooli.com",
	"password": "1e62e0ec9628b7e55bd812fd34cc1418"
},
{
	"_id": {
		"$oid": "60a548b93e6aa47fb3d48179"
	},
	"firstname": "Arnulfo",
	"lastname": "Berg",
	"email": "arnulfo.berg@yahoo.com",
	"password": "e4e88966df2eca9f64f2444ae39afc46"
},
{
	"_id": {
		"$oid": "60a548b93e6aa47fb3d4817a"
	},
	"firstname": "Deanna",
	"lastname": "Burroughs",
	"email": "deanna.burroughs@piedpiper.com",
	"password": "4a5bc9fbeb82c666a3ddfde2b0b7e28c"
},
{
	"_id": {
		"$oid": "60a548b93e6aa47fb3d4817b"
	},
	"firstname": "Nancy",
	"lastname": "Brookhart",
	"email": "nancy.brookhart@gmail.com",
	"password": "14e4bb618e4fa55cd3d30ea0ae1afdaa"
},
{
	"_id": {
		"$oid": "60a548b93e6aa47fb3d4817c"
	},
	"firstname": "Antonio",
	"lastname": "Reid",
	"email": "antonio.reid@piedpiper.com",
	"password": "765c1bced8400372ef634b62f52ee7f4"
},
{
	"_id": {
		"$oid": "60a548b93e6aa47fb3d4817d"
	},
	"firstname": "Joy",
	"lastname": "Hockman",
	"email": "joy.hockman@gmail.com",
	"password": "e8429e501435b7bf34fdf2df59342eb2"
},
{
	"_id": {
		"$oid": "60a548b93e6aa47fb3d4817e"
	},
	"firstname": "Maggie",
	"lastname": "Casagrande",
	"email": "maggie.casagrande@gmail.com",
	"password": "ff29e4b05ba01a44342ec7bf0577c5c3"
},
{
	"_id": {
		"$oid": "60a548b93e6aa47fb3d4817f"
	},
	"firstname": "Richard",
	"lastname": "Mcclain",
	"email": "richard.mcclain@piedpiper.com",
	"password": "fdfff588ed939a09959d295fed39cc0c"
},
{
	"_id": {
		"$oid": "60a548b93e6aa47fb3d48180"
	},
	"firstname": "Arnulfo",
	"lastname": "Wagner",
	"email": "arnulfo.wagner@gmail.com",
	"password": "cd797e3935b631f83925440c974f350f"
},
{
	"_id": {
		"$oid": "60a548b93e6aa47fb3d48181"
	},
	"firstname": "Raymond",
	"lastname": "Greene",
	"email": "raymond.greene@hooli.com",
	"password": "b6b40355890fbe8f2c82bdb80d64bafd"
},
{
	"_id": {
		"$oid": "60a548b93e6aa47fb3d48182"
	},
	"firstname": "Sung",
	"lastname": "Santmyer",
	"email": "sung.santmyer@outlook.com",
	"password": "1f2696ec8f6c212d19f6ed393e775499"
},
{
	"_id": {
		"$oid": "60a548b93e6aa47fb3d48183"
	},
	"firstname": "Jessica",
	"lastname": "Dotson",
	"email": "jessica.dotson@gmail.com",
	"password": "f8b5e71d19f295287e8ec47e447bb613"
},
{
	"_id": {
		"$oid": "60a548b93e6aa47fb3d48184"
	},
	"firstname": "Clyde",
	"lastname": "Miller",
	"email": "clyde.miller@piedpiper.com",
	"password": "f29a147e33289f2e7219a86b98cc8587"
},
{
	"_id": {
		"$oid": "60a548b93e6aa47fb3d48185"
	},
	"firstname": "Gregory",
	"lastname": "Peters",
	"email": "gregory.peters@piedpiper.com",
	"password": "bed9f650da0f868574372753450a6d78"
},
{
	"_id": {
		"$oid": "60a548b93e6aa47fb3d48186"
	},
	"firstname": "Kristine",
	"lastname": "Doody",
	"email": "kristine.doody@yahoo.com",
	"password": "a11d3d518ea9f64bc395b0faba17e297"
},
{
	"_id": {
		"$oid": "60a548b93e6aa47fb3d48187"
	},
	"firstname": "Joseph",
	"lastname": "Fritz",
	"email": "joseph.fritz@outlook.com",
	"password": "8fd6a67a3c24e163b62241b37e8e9735"
},
{
	"_id": {
		"$oid": "60a548b93e6aa47fb3d48188"
	},
	"firstname": "Jose",
	"lastname": "Squires",
	"email": "jose.squires@outlook.com",
	"password": "ec054533856f1a69e74b81e5b05b4490"
},
{
	"_id": {
		"$oid": "60a548b93e6aa47fb3d48189"
	},
	"firstname": "Melvin",
	"lastname": "Perkins",
	"email": "melvin.perkins@hooli.com",
	"password": "308f4c61e393f6603cb94c58bd3332e1"
},
{
	"_id": {
		"$oid": "60a548b93e6aa47fb3d4818a"
	},
	"firstname": "Terrell",
	"lastname": "Murphy",
	"email": "terrell.murphy@outlook.com",
	"password": "5f37072e1682e0fce473a3a25ab83ed4"
},
{
	"_id": {
		"$oid": "60a548b93e6aa47fb3d4818b"
	},
	"firstname": "Stephany",
	"lastname": "Cerna",
	"email": "stephany.cerna@hooli.com",
	"password": "e9e6bb3a61babf5cb2767841a4fb070c"
},
{
	"_id": {
		"$oid": "60a548b93e6aa47fb3d4818c"
	},
	"firstname": "Elfreda",
	"lastname": "Stewart",
	"email": "elfreda.stewart@yahoo.com",
	"password": "84a8259c4a1fbf4121b959136315a588"
}]

